Volunteer Name,Volunteer Phone
Katia Deslauriers,(07)40444271
Tamekia Cavalier,(02)90645544
Jesica Sloss,(03)94180299
Jestine Witten,(08)90379412
Shantelle Bochenek,(08)82826876
Cortney Latch,(08)90743504
Kathey Honda,(03)53344368
Arlena Trego,(07)49755168
Anita Bonebrake,(02)61082250
Shauna Dingman,(08)90380855
Lilian Daring,(02)67957541
Carolina Grieco,(02)95317349
Kira Eyer,(08)83990092
Margorie Getman,(02)61795581
Wava Redel,(08)90607048
Roxie Sytsma,(02)47552298
Ruth Collelo,(03)53679912
Elden Gamet,(08)83548273
Ulysses Pablo,(07)49026939
Doyle Smothers,(02)61552313